{
  "project_info": {
    "project_number": "857621419367",
    "project_id": "a-z-services7",
    "storage_bucket": "a-z-services7.appspot.com"
  },
  "client": [
    {
      "client_info": {
        "mobilesdk_app_id": "1:857621419367:android:55fbd35b9c372d5a4e8bc2",
        "android_client_info": {
          "package_name": "com.example.a_zservices7"
        }
      },
      "oauth_client": [],
      "api_key": [
        {
          "current_key": "AIzaSyB-CVvArem4-NXthqbfZuj1KGoLLJZjOTg"
        }
      ],
      "services": {
        "appinvite_service": {
          "other_platform_oauth_client": []
        }
      }
    }
  ],
  "configuration_version": "1"
}